followers,following,posts,engagement_rate,bio_length,has_profile_pic,username_digits,is_private,external_url,avg_likes,avg_comments,hashtags_count,account_age,spam_words,label
1000,955,32,0.52,53,1,3,0,0,104,7,10,1967,0,0
2740,533,286,2.57,44,1,0,0,0,222,11,8,554,0,0
159,98,13,0.8,0,1,1,1,0,12,0,17,2187,1,0
414,651,679,0.32,82,1,0,0,0,41,3,8,1179,0,0
151,126,6,0.59,0,1,0,1,0,9,0,13,110,1,0
669987,150,344,2218.5,81,1,0,0,1,37333,1768,14,196,0,0
122,177,16,0.34,50,1,0,0,0,8,0,10,1346,0,0
1078,76,33,7.0,0,1,0,0,0,62,2,19,758,1,0
1824,2713,72,0.34,71,1,0,0,0,167,5,10,627,0,0
12945,813,213,7.95,40,1,0,0,1,1117,31,2,424,0,0
9884,1173,648,4.21,54,1,0,0,0,913,18,4,2437,0,0
1188,365,76,1.62,54,1,0,0,1,56,1,3,460,0,0
945,583,298,0.81,0,1,0,0,1,85,5,17,170,1,0
12033,248,117,24.16,103,1,0,0,1,849,25,7,1183,0,0
1962,2701,487,0.36,98,1,0,0,1,126,9,6,1358,0,0
50374,900,254,27.95,46,1,0,0,0,3679,194,10,454,0,0
7007,289,59,12.08,0,1,0,0,0,389,14,2,2039,1,0
1128,694,1570,0.81,48,1,3,0,0,97,5,4,2393,0,0
34670,1878,378,9.23,63,1,0,0,1,3096,71,5,2497,0,0
2338,776,526,1.5,106,1,0,0,1,133,2,3,2271,0,0
3516,999,228,1.76,40,1,0,0,0,265,15,8,2364,0,0
1809,416,35,2.17,35,1,0,1,1,161,4,18,1584,0,0
427,470,281,0.45,30,1,0,0,0,21,0,7,1737,0,0
759,956,285,0.4,27,1,0,0,0,71,3,8,1009,0,0
15338538,61,148,123697.89,0,1,0,0,0,1558933,40422,1,1423,1,0
109,179,57,0.3,109,1,0,1,1,7,0,19,79,0,0
536,665,17,0.4,0,1,0,1,0,52,1,9,1634,1,0
121354,176,511,342.81,132,1,0,0,1,4452,288,18,1555,0,0
2284,130,230,8.72,126,1,0,0,1,121,3,15,1221,0,0
186,174,15,0.53,122,1,0,1,0,20,0,2,1976,0,0
687,1517,980,0.23,138,1,0,1,0,66,4,1,999,0,0
966,952,53,0.51,0,1,1,1,0,74,5,11,15,1,0
177,170,111,0.52,50,1,0,1,0,17,0,11,459,0,0
744,967,719,0.38,35,1,0,0,0,52,1,1,1153,0,0
542073,674,1164,401.54,56,1,0,0,1,32954,986,18,642,0,0
5315651,2703,497,982.92,9,1,2,0,0,552232,28148,16,1163,0,0
267,328,18,0.41,0,1,3,1,0,21,1,0,564,1,0
691,680,50,0.51,81,1,0,0,0,42,1,11,213,0,0
120,112,74,0.53,134,1,0,1,0,5,0,19,1379,0,0
105,98,8,0.53,0,1,0,0,0,11,0,13,2019,1,0
890969,11,7389,37123.71,2,1,0,0,0,93428,3597,14,570,1,0
361853,583,420,309.81,0,1,0,0,1,41462,2793,0,2367,1,0
3678,1359,433,1.35,23,1,0,0,0,145,5,3,545,0,0
92192,16,156,2711.53,138,1,0,0,1,7160,434,8,846,0,0
12397719,8,4494,688762.17,35,1,0,0,0,1381347,38406,0,1878,0,0
380510,0,751,190255.0,93,1,0,0,0,21680,1645,7,2249,0,0
132,183,4,0.36,4,1,0,1,0,10,0,7,450,1,0
162,208,27,0.39,1,1,0,1,0,15,0,13,1074,1,0
369,546,91,0.34,4,1,0,0,0,18,0,19,1990,1,0
1476,666,262,1.11,23,1,0,0,0,68,2,3,1322,0,0
1798,461,274,1.95,91,1,0,0,1,167,5,9,204,0,0
2118,1109,271,0.95,57,1,0,0,0,191,5,16,1184,0,0
812,432,713,0.94,108,1,0,0,1,79,4,10,1606,0,0
7217,761,200,4.74,30,1,0,0,1,620,41,15,1541,0,0
313,376,12,0.42,82,1,0,0,0,35,1,13,559,0,0
64,261,26,0.12,12,1,1,0,1,6,0,11,1593,0,0
1759,643,75,1.37,54,1,0,0,0,209,11,19,1382,0,0
404,283,94,0.71,0,1,0,1,0,43,3,4,1610,1,0
1843,598,63,1.54,12,1,0,0,0,67,3,18,468,0,0
320377,228,69,699.51,0,1,1,0,0,36411,2875,6,615,1,0
108,97,12,0.55,3,1,0,0,0,7,0,13,565,1,0
384,447,63,0.43,39,1,0,0,1,37,2,12,1379,0,0
60,100,19,0.3,0,1,2,0,0,2,0,15,160,1,0
802,151,100,2.64,68,1,0,0,1,72,3,13,173,0,0
51145,528,661,48.34,129,1,0,0,1,2260,88,3,1799,0,0
1582,1882,149,0.42,57,1,0,0,1,96,5,5,2276,0,0
223,266,22,0.42,64,1,0,0,0,18,1,19,1829,0,0
18842,744,400,12.65,42,1,0,0,0,1393,45,17,1995,0,0
10240,1255,149,4.08,71,1,0,0,1,628,45,14,941,0,0
539,639,122,0.42,0,1,0,0,0,30,0,5,1021,1,0
399,452,74,0.44,70,1,3,0,0,47,2,13,1235,1,0
581,568,13,0.51,74,1,0,0,0,18,1,8,250,0,0
166,163,8,0.51,8,1,0,1,0,5,0,14,1111,0,0
417,362,77,0.57,35,1,0,0,0,20,0,12,1492,0,0
266,324,5,0.41,0,1,2,1,0,22,1,19,1738,1,0
33,37,3,0.43,0,1,0,1,0,1,0,18,792,1,0
494,998,106,0.25,28,1,0,1,0,54,3,9,2284,0,0
178,245,14,0.36,18,1,0,1,0,9,0,1,303,0,0
470,288,172,0.81,28,1,0,0,0,47,3,1,1486,0,0
807,675,111,0.6,36,1,3,0,0,38,0,11,1718,1,0
162,256,38,0.32,2,1,0,0,0,6,0,10,1150,1,0
417,395,19,0.53,11,1,1,1,0,47,2,7,777,0,0
17303,360,227,23.97,70,1,0,0,1,1392,102,7,713,0,0
1439,629,221,1.14,29,1,0,0,0,69,1,18,1799,0,0
91446,526,580,86.76,24,1,0,0,1,4136,305,1,1371,0,0
824,489,40,0.84,21,1,0,0,1,92,4,9,1117,0,0
741,1440,101,0.26,81,1,0,0,0,37,0,19,1582,0,0
1267,899,157,0.7,34,1,0,1,1,103,5,17,2100,0,0
4594,1713,197,1.34,40,1,0,0,0,250,19,9,2081,0,0
1135,899,61,0.63,12,1,0,0,0,131,7,10,999,0,0
1926,1410,698,0.68,0,1,0,1,0,204,8,9,1455,1,0
1068,1925,49,0.28,59,1,0,1,0,112,8,5,1964,0,0
815,748,85,0.54,15,1,0,1,0,48,1,9,1921,0,0
565,469,77,0.6,54,1,0,0,0,59,3,11,1621,0,0
2556,1074,58,1.19,16,1,0,0,0,114,7,5,2189,0,0
1312,935,232,0.7,73,1,0,1,0,83,5,9,2237,0,0
699,599,20,0.58,24,1,0,0,0,23,1,6,1877,0,0
4328,418,98,5.16,0,1,0,0,0,173,4,14,1379,1,0
2487,999,559,1.24,26,1,0,0,1,239,11,3,72,0,0
673,438,189,0.77,0,1,0,0,0,55,2,12,1844,1,0
730,413,388,0.88,0,1,0,1,0,57,2,18,1971,1,0
59,55,28,0.53,0,1,0,1,0,5,0,4,2143,1,0
289,222,156,0.65,0,1,0,1,0,24,1,12,1864,1,0
19,20,6,0.45,28,1,0,1,0,1,0,13,1063,0,0
3551,173,69,10.2,55,1,0,0,1,204,6,18,1976,0,0
19512,591,775,16.48,140,1,0,0,1,998,79,1,1352,0,0
2756,638,205,2.16,122,1,0,0,1,314,8,6,646,0,0
5406,589,209,4.58,113,1,0,0,1,624,39,7,2373,0,0
459,390,334,0.59,38,1,0,1,0,45,2,19,870,0,0
218,75,9,1.43,0,1,0,0,0,12,0,8,245,1,0
796,1155,6,0.34,23,1,0,0,0,42,2,0,826,0,0
1113,1854,416,0.3,0,1,0,0,0,83,2,7,1428,1,0
138,208,13,0.33,89,1,2,1,0,12,0,19,489,0,0
205,164,33,0.62,30,1,4,1,0,6,0,11,1335,1,0
331,333,1,0.5,0,1,0,0,0,17,0,2,2195,1,0
748,4659,711,0.08,0,1,1,0,0,65,4,13,2190,1,0
490,1093,114,0.22,0,1,0,0,0,57,4,13,1874,1,0
456,413,16,0.55,12,1,0,1,0,45,2,13,311,0,0
971,2047,107,0.24,123,1,0,0,1,92,5,18,1131,0,0
497,438,5,0.57,0,1,2,0,0,21,1,8,1647,1,0
99,132,7,0.37,0,1,1,1,0,3,0,5,1109,1,0
193,413,21,0.23,0,1,0,1,0,21,0,18,1283,1,0
492,689,65,0.36,40,1,0,0,0,33,2,11,2460,0,0
167,164,10,0.51,0,1,3,0,0,18,1,10,1273,1,0
99,178,59,0.28,33,1,0,1,0,10,0,7,1214,0,0
916,1142,137,0.4,0,1,0,1,0,39,3,9,349,1,0
196,209,10,0.47,5,1,0,1,0,17,1,6,1753,0,0
765,424,571,0.9,0,1,0,1,0,36,1,3,1250,1,0
45,80,24,0.28,23,1,2,1,0,2,0,9,149,0,0
634,719,328,0.44,35,1,0,0,1,28,0,10,1505,0,0
1383,7500,161,0.09,150,1,0,0,1,51,3,17,389,0,0
650,703,280,0.46,26,1,0,1,0,67,2,7,1116,0,0
484,3296,92,0.07,149,1,0,1,0,43,1,19,1870,0,0
200,270,31,0.37,129,1,0,0,0,18,1,5,2280,0,0
192,65,0,1.45,0,1,0,0,0,11,0,9,477,1,0
553,610,25,0.45,18,1,0,1,0,24,1,0,85,0,0
27477,7202,921,1.91,74,1,0,0,1,3235,193,13,270,0,0
464,1039,1020,0.22,0,1,0,1,1,51,3,11,1303,1,0
1057,524,301,1.01,59,1,0,0,0,39,3,17,2319,0,0
413,138,9,1.49,148,1,0,0,0,29,2,2,889,0,0
389,806,158,0.24,0,1,0,0,1,21,1,10,892,1,0
505,503,43,0.5,15,1,3,0,0,33,0,18,1560,0,0
941,1208,24,0.39,46,1,0,1,0,80,1,17,696,0,0
2598,802,60,1.62,5,1,0,1,0,295,17,14,549,0,0
59,111,4,0.26,98,1,0,0,0,5,0,12,1531,0,0
622,475,220,0.65,55,1,0,0,0,74,5,9,485,0,0
2719,1061,1159,1.28,19,1,0,0,1,219,11,19,2364,0,0
216,305,8,0.35,71,1,4,0,0,21,1,11,500,1,0
881,375,396,1.17,133,1,2,0,0,60,4,16,1274,0,0
870,72,38,5.96,150,1,1,0,1,51,2,5,693,0,0
265,371,1,0.36,43,1,0,1,0,17,0,11,2319,0,0
1204,633,2,0.95,37,1,2,1,0,103,7,19,2362,0,0
655,1016,43,0.32,35,1,0,1,0,41,2,5,1267,0,0
1662,1065,131,0.78,87,1,0,0,0,80,5,16,490,0,0
14222,7399,7,0.96,59,1,1,0,0,1004,29,6,2123,0,0
483,1216,57,0.2,0,1,0,0,0,46,2,2,1362,1,0
1204,2928,36,0.21,0,1,0,0,0,48,2,1,2304,1,0
408,635,91,0.32,9,1,0,1,0,39,1,3,1132,0,0
303,417,8,0.36,12,1,0,1,0,11,0,8,2329,0,0
125,101,11,0.61,0,1,1,0,0,9,0,10,919,1,0
229,383,252,0.3,0,1,1,0,0,8,0,7,1335,1,0
357,489,15,0.36,95,1,2,1,1,39,2,11,616,0,0
137,96,74,0.71,0,1,0,0,0,6,0,14,992,1,0
255,535,83,0.24,46,1,0,1,0,18,1,13,1648,0,0
87,399,126,0.11,123,1,0,1,0,3,0,4,1028,0,0
326946,3,663,40868.25,117,1,0,0,1,18267,1341,8,2383,0,0
114,446,0,0.13,26,1,0,1,0,5,0,13,1900,0,0
167,387,10,0.22,0,1,0,1,0,11,0,14,215,1,0
1247,1196,8,0.52,58,1,0,1,0,56,1,3,864,0,0
585,1364,24,0.21,0,1,0,0,0,32,0,16,839,1,0
135,232,65,0.29,30,1,0,1,0,4,0,12,1619,0,0
722,261,64,1.38,62,1,0,0,1,29,1,7,2205,0,0
714,1159,664,0.31,137,1,4,0,1,58,3,18,2311,1,0
39867,4664,130,4.27,149,1,0,0,1,4447,178,1,1484,0,0
533,1060,131,0.25,14,0,0,1,0,57,2,7,1759,0,0
1158,3932,917,0.15,19,1,0,1,0,115,2,13,759,0,0
45834,280,2,81.56,131,1,0,0,1,3783,174,3,2146,0,0
876,529,142,0.83,0,1,0,0,0,102,3,5,1211,1,0
3003,455,165,3.29,5,1,1,0,0,93,4,4,537,0,0
1298,407,80,1.59,0,1,1,0,0,139,4,9,2315,1,0
3800,278,32,6.81,11,1,0,1,0,170,9,12,1752,0,0
1358,127,81,5.3,0,1,0,1,0,112,8,18,1885,1,0
6741307,111,334,30095.12,27,1,0,0,1,788283,58441,19,385,0,0
791,456,8,0.87,10,1,4,0,1,27,0,11,1259,1,0
732075,363,373,1005.6,72,1,0,0,1,55879,3138,18,1949,0,0
373,360,56,0.52,3,1,0,1,0,40,1,10,1398,1,0
162,311,7,0.26,51,1,0,1,0,17,1,13,2205,0,0
309,364,12,0.42,44,1,0,1,0,23,1,18,2172,0,0
135,176,5,0.38,0,1,0,0,0,5,0,1,1224,1,0
244,172,77,0.71,73,1,0,0,1,10,0,10,328,0,0
67,149,93,0.22,70,1,2,1,0,6,0,4,1263,0,0
984,76,192,6.39,35,1,0,0,0,61,1,15,1414,0,0
751,1223,8,0.31,13,1,0,1,0,44,1,7,1289,0,0
781,529,145,0.74,105,1,0,1,0,27,1,8,1552,0,0
1761,905,135,0.97,91,1,0,0,0,78,5,7,965,0,0
318,523,18,0.3,0,1,1,1,0,10,0,18,1377,1,0
5282,652,222,4.04,48,1,0,0,0,183,6,14,1109,0,0
5282,652,222,4.04,48,1,0,0,0,604,38,5,1817,0,0
228,238,5,0.48,126,1,0,1,1,14,0,16,1226,0,0
393,502,119,0.39,0,1,0,1,1,29,1,19,537,1,0
875,754,201,0.58,53,1,0,0,0,100,3,3,1840,0,0
173,373,12,0.23,8,1,0,1,0,16,0,0,508,0,0
3896490,351,301,5534.79,67,1,0,0,0,142178,6265,6,499,0,0
106,133,20,0.4,20,1,0,0,0,10,0,13,2266,0,0
206,32,112,3.12,26,1,1,0,1,23,0,17,539,0,0
259,1371,54,0.09,86,1,0,1,0,16,0,10,1628,0,0
1013,996,98,0.51,51,1,0,1,0,99,4,3,47,0,0
738,544,16,0.68,26,1,1,0,1,22,0,17,2456,0,0
1008,517,133,0.97,18,1,0,1,0,86,6,10,403,0,0
2441,396,142,3.07,96,1,0,0,1,291,11,6,363,0,0
416,292,63,0.71,17,1,0,0,0,12,0,6,2342,0,0
516,463,70,0.56,0,1,0,1,0,47,3,13,87,1,0
8711,345,403,12.59,62,1,0,0,1,846,22,10,2384,0,0
433,584,15,0.37,86,1,0,0,0,30,0,17,845,0,0
18515,1000,990,9.25,148,1,0,0,1,1787,131,10,942,0,0
70,67,12,0.51,1,1,0,1,0,7,0,12,2448,1,0
5863,157,26,18.55,39,1,2,0,0,510,12,16,627,0,0
1677,716,2,1.17,35,1,4,0,0,170,8,12,1975,1,0
617,272,24,1.13,103,1,0,0,0,41,1,7,2226,0,0
31182,414,411,37.57,0,1,0,0,1,2736,89,14,1988,1,0
1152,292,217,1.97,61,1,0,1,0,35,2,11,1553,0,0
8578,164,156,25.99,44,1,2,0,0,724,20,5,569,0,0
4347,748,389,2.9,0,1,0,0,0,231,8,1,2252,1,0
319,335,8,0.47,0,1,0,1,0,10,0,11,234,1,0
189,177,3,0.53,0,1,0,1,0,14,0,10,2082,1,0
743,331,22,1.12,112,1,0,1,0,82,2,0,1403,0,0
11204,124,59,44.82,123,1,2,0,0,736,27,19,303,0,0
419,271,144,0.77,24,1,0,1,0,30,1,5,1219,0,0
81,268,2,0.15,34,1,0,0,0,4,0,18,476,0,0
947,582,78,0.81,19,1,0,0,0,66,2,6,1641,0,0
206,333,28,0.31,0,1,0,0,0,20,1,0,520,1,0
541,701,111,0.39,42,1,0,0,0,57,2,9,725,0,0
392,237,6,0.82,50,1,2,0,0,30,0,3,2078,0,0
4177,3678,4,0.57,67,1,2,0,0,308,14,1,372,0,0
265,321,31,0.41,134,1,2,0,1,25,1,5,1738,0,0
272,1486,86,0.09,101,1,0,0,0,13,0,1,16,0,0
425,917,240,0.23,0,1,0,0,0,48,1,3,1180,1,0
150,178,11,0.42,0,1,0,1,0,8,0,7,250,1,0
711,673,44,0.53,17,1,0,1,0,40,0,17,2248,0,0
89,121,9,0.36,0,1,0,1,0,7,0,6,445,1,0
742,653,62,0.57,32,1,0,1,0,35,1,14,866,0,0
96,50,0,0.94,0,1,0,0,0,3,0,15,807,1,0
77,107,15,0.36,80,1,0,1,1,4,0,12,534,0,0
195,395,53,0.25,2,1,0,1,0,7,0,8,589,1,0
9,13,2,0.32,0,1,0,1,0,0,0,0,1288,1,0
10794,3164,52,1.71,146,1,0,0,1,483,10,3,502,0,0
104,15,1,3.25,0,1,2,0,0,10,0,5,900,1,0
318,569,62,0.28,0,1,0,1,1,34,2,1,738,1,0
355,137,247,1.29,0,1,2,0,0,23,0,7,2056,1,0
99,488,9,0.1,0,1,3,1,0,7,0,5,782,1,0
300,372,13,0.4,6,1,0,0,0,34,2,8,1614,0,0
139,61,204,1.12,0,1,2,0,0,8,0,2,935,1,0
13,77,0,0.08,0,1,0,1,0,1,0,9,2338,1,0
606,430,51,0.7,0,1,2,1,0,60,3,9,1484,1,0
428,333,15,0.64,64,1,0,0,0,42,1,8,2378,0,0
494,545,108,0.45,0,1,0,0,0,52,3,2,173,1,0
1261,2187,353,0.29,0,1,2,1,0,141,9,9,1109,1,0
68,87,5,0.39,0,1,0,1,0,3,0,12,1267,1,0
205558,53,560,1903.31,49,1,0,0,1,7860,572,10,258,0,0
668,609,85,0.55,23,1,0,0,0,58,1,19,1570,0,0
1456,555,95,1.31,120,1,0,0,1,66,4,11,769,0,0
410,387,14,0.53,34,1,1,0,0,20,1,19,805,0,0
298,555,52,0.27,25,1,0,1,0,11,0,5,1640,0,0
254,345,7,0.37,0,1,0,1,0,9,0,1,304,1,0
1070,1072,197,0.5,12,1,0,0,0,35,1,0,2365,0,0
1167,618,89,0.94,0,1,2,1,0,122,5,4,2004,1,0
335,300,34,0.56,9,1,0,1,0,28,1,1,609,0,0
346,426,283,0.41,1,1,1,0,0,30,0,0,378,1,0
1746,1631,65,0.53,18,1,0,1,0,110,3,11,291,0,0
268,370,126,0.36,34,1,0,1,0,11,0,9,1711,0,0
537,1002,327,0.27,23,1,0,1,0,38,1,1,620,0,0
805,488,42,0.82,19,1,0,1,0,40,2,3,360,0,0
1504,52,36,14.19,139,1,0,0,0,55,2,8,580,0,0
104,119,3,0.43,13,1,0,1,0,12,0,6,1435,0,0
380,462,53,0.41,50,1,0,0,0,38,2,19,896,0,0
257,346,7,0.37,46,1,0,1,1,21,1,9,1507,0,0
1775,7500,103,0.12,30,1,0,1,0,159,9,15,1207,0,0
1456,1200,241,0.61,26,1,3,1,0,103,2,13,1109,0,0
265,264,103,0.5,0,1,0,1,0,28,2,17,298,1,0
1051,694,93,0.76,0,1,0,1,0,106,3,12,450,1,0
77,34,1,1.1,0,1,1,0,0,9,0,18,174,1,0
220,323,16,0.34,27,0,0,1,0,19,0,16,1718,0,0
178,81,32,1.09,37,1,1,1,1,19,1,15,843,0,0
728,1213,1232,0.3,31,1,0,1,0,73,5,3,1902,0,0
668,294,75,1.13,20,1,0,1,0,78,4,6,2246,0,0
406,408,5,0.5,7,1,0,0,0,39,2,10,2074,0,0
37,22,3,0.8,0,1,0,0,0,1,0,3,2089,1,0
56,114,30,0.24,0,1,0,1,0,4,0,2,67,1,0
90,333,0,0.13,0,0,2,0,0,7,0,8,2399,1,1
60,31,0,0.94,0,0,4,0,0,2,0,11,2231,1,1
271,445,2,0.3,0,0,4,1,0,18,0,13,1105,1,1
1,80,3,0.01,0,1,0,1,0,0,0,12,1500,1,1
158,309,13,0.25,24,1,5,1,0,7,0,13,140,1,1
39,64,0,0.3,0,0,3,0,0,2,0,18,440,1,1
0,11,1,0.0,43,0,2,1,0,0,0,1,2011,0,1
0,853,0,0.0,0,0,0,1,0,0,0,13,46,1,1
0,23,10,0.0,0,1,2,1,0,0,0,5,1431,1,1
12,5,0,1.0,0,0,0,0,0,1,0,0,1315,1,1
10,18,0,0.26,0,0,3,0,0,0,0,13,2282,1,1
1,34,0,0.01,0,0,3,1,0,0,0,5,256,1,1
1,8,0,0.06,0,0,0,0,0,0,0,17,2140,1,1
0,0,0,0.0,0,0,0,1,0,0,0,6,647,1,1
31,213,0,0.07,0,0,1,1,0,1,0,5,698,1,1
5,10,0,0.23,0,0,2,1,0,0,0,17,367,1,1
18,58,5,0.15,0,0,5,1,0,2,0,10,1515,1,1
12,77,0,0.08,0,1,5,1,0,0,0,0,1622,1,1
6,37,0,0.08,0,0,5,1,0,0,0,13,1026,1,1
47,10,0,2.14,0,1,6,0,0,4,0,15,1636,1,1
33,4,0,3.3,0,0,4,0,0,1,0,15,240,1,1
4,279,141,0.01,0,0,5,1,0,0,0,8,23,1,1
5,15,6,0.16,0,0,6,1,0,0,0,14,1243,1,1
0,44,1,0.0,0,1,0,1,0,0,0,13,670,1,1
5,17,0,0.14,0,0,4,1,0,0,0,8,930,1,1
107,42,1,1.24,0,0,0,1,0,9,0,18,209,1,1
8,60,39,0.07,0,1,9,1,0,0,0,2,2341,1,1
48,6,0,3.43,0,0,0,0,0,4,0,2,1559,1,1
2,215,9,0.0,0,0,2,1,0,0,0,2,1141,1,1
51,126,0,0.2,0,0,0,1,0,2,0,10,1661,1,1
5,48,21,0.05,43,1,0,1,0,0,0,13,196,0,1
0,802,0,0.0,0,0,0,1,0,0,0,6,2061,1,1
26,46,0,0.28,0,0,6,0,0,2,0,8,1170,1,1
0,601,0,0.0,0,0,1,1,0,0,0,10,904,1,1
76,168,3,0.22,13,1,8,1,0,6,0,4,1993,1,1
165,689,0,0.12,0,0,0,1,0,11,0,10,1731,1,1
115,230,0,0.25,0,0,0,0,0,8,0,9,77,1,1
6,15,0,0.19,0,0,3,0,0,0,0,10,1353,1,1
24,49,0,0.24,0,0,4,0,0,1,0,0,312,1,1
40,236,0,0.08,0,0,3,1,0,3,0,8,2346,1,1
32,52,6,0.3,0,0,0,1,0,2,0,0,577,1,1
0,35,0,0.0,0,0,3,1,0,0,0,18,2382,1,1
21,44,0,0.23,0,0,4,0,0,1,0,4,160,1,1
79,767,1,0.05,0,1,6,1,0,3,0,15,1101,1,1
8,37,4,0.11,0,1,4,1,0,0,0,11,2378,1,1
49,79,0,0.31,0,1,4,0,0,1,0,16,379,1,1
31,91,0,0.17,0,0,1,1,0,2,0,19,1279,1,1
15,41,0,0.18,0,1,0,1,0,0,0,5,1440,1,1
4,3,0,0.5,0,1,2,0,0,0,0,13,1828,1,1
0,229,0,0.0,0,1,4,1,0,0,0,12,821,1,1
316,1165,17,0.14,0,1,3,1,0,22,1,19,2049,1,1
0,0,0,0.0,0,0,1,1,0,0,0,1,1847,1,1
3,1,1,0.75,0,0,0,0,0,0,0,0,917,1,1
2,30,0,0.03,0,0,0,0,0,0,0,16,359,1,1
221,244,7,0.45,9,1,3,1,0,24,0,15,2352,0,1
181,935,13,0.1,0,0,0,0,0,6,0,11,1477,1,1
9,167,0,0.03,0,0,0,1,0,0,0,18,1077,1,1
2,0,0,1.0,0,0,7,0,0,0,0,16,1046,1,1
25,86,0,0.14,0,1,3,1,0,1,0,1,258,1,1
26,129,5,0.1,18,1,0,0,0,2,0,14,1163,0,1
15,305,124,0.02,0,1,9,1,0,1,0,8,473,1,1
59,48,9,0.6,10,1,0,0,0,6,0,1,445,0,1
7,47,5,0.07,61,0,2,1,0,0,0,8,903,0,1
40,179,2,0.11,0,0,1,1,0,4,0,0,481,1,1
51,41,0,0.61,0,0,0,0,0,2,0,9,1070,1,1
133,750,150,0.09,0,1,0,0,0,12,0,16,977,1,1
25,39,29,0.31,0,1,0,1,0,1,0,13,150,1,1
864,3646,108,0.12,0,1,2,1,0,52,4,5,414,1,1
73,35,77,1.01,0,1,0,0,0,3,0,19,505,1,1
184,170,3,0.54,0,1,4,1,0,12,0,19,1207,1,1
161,333,7,0.24,0,1,4,1,0,19,0,15,639,1,1
42,694,3,0.03,0,1,2,1,0,3,0,5,104,1,1
279,1124,131,0.12,22,1,0,1,0,13,1,13,896,0,1
219,155,40,0.7,0,1,0,0,0,17,1,3,1560,1,1
18,106,4,0.08,0,1,2,1,0,0,0,3,718,1,1
106,171,84,0.31,0,1,4,1,0,4,0,6,549,1,1
34,108,299,0.16,2,1,5,1,0,2,0,16,1041,1,1
42,26,11,0.78,0,0,0,0,0,2,0,3,1563,1,1
1,13,0,0.04,146,1,2,1,0,0,0,15,1203,0,1
38,68,0,0.28,0,0,9,1,0,4,0,8,1771,1,1
34,44,1,0.38,6,1,6,1,0,1,0,2,1733,1,1
23,151,4,0.08,50,1,3,1,0,2,0,8,1073,0,1
23,37,0,0.3,0,1,3,1,0,1,0,9,1195,1,1
83,139,0,0.3,0,0,5,0,0,7,0,12,522,1,1
25,28,0,0.43,0,0,4,0,0,1,0,14,1148,1,1
13,38,3,0.17,39,1,0,1,0,0,0,12,662,0,1
64,60,0,0.52,0,0,2,0,0,7,0,6,590,1,1
90,69,0,0.64,0,0,4,0,0,9,0,11,1726,1,1
82,6,0,5.86,0,0,3,0,0,8,0,13,138,1,1
140,319,0,0.22,0,0,0,0,0,14,0,11,1912,1,1
0,29,0,0.0,0,0,4,1,0,0,0,18,1065,1,1
51,420,1,0.06,5,1,3,1,0,1,0,16,1588,0,1
38,87,7,0.22,91,1,1,0,0,1,0,18,2060,0,1
21,733,3,0.01,2,0,3,1,0,0,0,3,1655,1,1
5,121,0,0.02,0,1,4,1,0,0,0,16,1398,1,1
21,45,0,0.23,0,1,4,1,0,1,0,4,57,1,1
124,249,5,0.25,0,0,6,1,0,8,0,9,2068,1,1
5,56,0,0.04,0,0,2,1,0,0,0,11,1164,1,1
2,16,1,0.06,37,1,4,1,0,0,0,2,946,1,1
42,46,0,0.45,0,0,6,0,0,4,0,8,1513,1,1
48,45,12,0.52,0,1,3,1,0,2,0,15,338,1,1
32,25,0,0.62,0,0,3,0,0,1,0,9,1608,1,1
0,71,0,0.0,0,0,0,1,0,0,0,6,1670,1,1
0,0,0,0.0,0,0,2,0,0,0,0,10,1892,1,1
10,104,1,0.05,0,1,1,1,0,0,0,8,1713,1,1
19,31,92,0.3,0,1,4,1,0,1,0,1,1251,1,1
138,99,0,0.69,0,0,3,1,0,14,0,4,1785,1,1
11,157,0,0.03,0,0,2,1,0,1,0,2,2465,1,1
1,64,0,0.01,0,0,0,1,0,0,0,13,2145,1,1
39,40,0,0.48,0,0,4,0,0,1,0,19,486,1,1
446,1762,21,0.13,148,1,0,0,0,40,2,5,486,0,1
9,82,7,0.05,0,1,6,1,0,0,0,17,1064,1,1
589,2980,9,0.1,0,0,0,0,0,50,3,9,2298,1,1
27,63,0,0.21,0,0,1,0,0,1,0,16,2289,1,1
143,500,14,0.14,0,1,0,0,0,11,0,10,347,1,1
0,177,0,0.0,0,0,0,1,0,0,0,1,645,1,1
0,130,0,0.0,0,0,0,1,0,0,0,5,2215,1,1
124,135,3,0.46,0,0,2,0,0,5,0,17,2364,1,1
12,192,0,0.03,0,1,1,1,0,0,0,8,1235,1,1
16,36,0,0.22,0,0,4,0,0,1,0,14,728,1,1
1,2,1,0.17,0,0,2,0,0,0,0,2,951,1,1
120,181,1,0.33,0,0,4,0,0,10,0,5,1184,1,1
0,71,0,0.0,0,0,0,1,0,0,0,15,46,1,1
26,8,1,1.44,0,0,0,0,0,1,0,8,1400,1,1
57,167,0,0.17,0,1,1,0,0,6,0,17,1708,1,1
13,22,1,0.28,0,0,2,0,0,0,0,16,177,1,1
1031,208,28,2.47,149,1,0,0,0,35,1,1,1773,0,1
42,146,0,0.14,0,1,2,0,0,3,0,6,621,1,1
70,64,25,0.54,0,1,3,0,0,6,0,4,1244,1,1
0,8,0,0.0,0,1,2,1,0,0,0,18,693,1,1
46,92,0,0.25,0,1,3,0,0,5,0,17,1122,1,1
834,4118,111,0.1,0,1,4,0,0,58,3,10,1046,1,1
389,392,2,0.49,22,0,0,1,0,23,1,15,2271,0,1
43,221,0,0.1,0,1,3,0,0,2,0,15,1777,1,1
23,40,0,0.28,0,0,3,1,0,1,0,12,2306,1,1
5,82,0,0.03,0,0,0,1,0,0,0,5,1695,1,1
4,25,0,0.08,0,0,7,1,0,0,0,11,291,1,1
17,44,0,0.19,0,0,5,0,0,1,0,18,1575,1,1
182,227,5,0.4,2,1,2,1,0,6,0,10,1575,1,1
108,304,10,0.18,0,1,3,0,0,4,0,6,2415,1,1
43,123,3,0.17,0,0,5,0,0,3,0,4,514,1,1
77,8,19,4.28,0,0,3,0,0,6,0,9,2096,1,1
32,87,0,0.18,0,0,1,0,0,2,0,5,818,1,1
0,11,0,0.0,0,0,2,1,0,0,0,15,1639,1,1
40,66,8,0.3,0,1,1,1,0,2,0,5,887,1,1
53,303,2,0.09,20,0,3,0,0,1,0,12,2190,1,1
67,90,10,0.37,0,1,1,0,0,6,0,5,1362,1,1
122,336,29,0.18,0,1,0,0,0,6,0,7,708,1,1
18,49,0,0.18,0,0,0,0,0,1,0,19,1024,1,1
24,88,0,0.13,0,0,4,1,0,1,0,17,552,1,1
35,136,2,0.13,0,1,0,0,0,1,0,17,2068,1,1
119,151,3,0.39,0,1,4,1,0,7,0,11,1234,1,1
6,24,5,0.12,0,1,1,1,0,0,0,19,37,1,1
34,26,0,0.63,0,0,4,0,0,1,0,8,2163,1,1
272,295,63,0.46,148,1,0,0,0,30,1,9,328,0,1
53,137,1,0.19,0,1,4,0,0,3,0,17,304,1,1
818,618,4,0.66,50,1,3,1,0,86,4,15,2286,1,1
82,74,34,0.55,0,1,0,0,0,2,0,14,45,1,1
40,233,0,0.09,2,1,4,0,0,2,0,14,2056,1,1
21,76,0,0.14,0,1,4,1,0,1,0,8,1808,1,1
59,38,6,0.76,0,1,3,0,0,4,0,13,1830,1,1
102,109,2,0.46,0,1,1,0,0,7,0,12,974,1,1
576,474,7,0.61,0,1,3,1,0,32,1,8,1205,1,1
19,16,0,0.56,0,0,6,0,0,1,0,19,1460,1,1
66,161,0,0.2,0,1,0,1,0,6,0,5,1784,1,1
310,894,5,0.17,0,1,0,1,0,26,1,13,129,1,1
16,17,0,0.44,34,1,0,1,0,0,0,14,577,0,1
15,4,0,1.5,0,0,0,0,0,1,0,11,1845,1,1
47,98,0,0.24,0,1,1,1,0,3,0,13,106,1,1
88,61,4,0.71,0,1,0,0,0,4,0,2,925,1,1
51,59,1,0.42,0,1,3,1,0,2,0,3,658,1,1
505,2330,26,0.11,0,1,0,0,0,30,0,12,284,1,1
159,433,9,0.18,0,1,4,0,0,17,0,19,104,1,1
77,1269,4,0.03,0,1,3,1,0,5,0,14,635,1,1
61,76,4,0.4,32,1,8,0,0,3,0,6,2242,1,1
7,14,0,0.23,0,0,7,1,0,0,0,18,1244,1,1
11,60,0,0.09,0,1,4,1,0,0,0,13,2477,1,1
49,22,0,1.07,0,0,6,0,0,3,0,15,437,1,1
15,595,0,0.01,0,0,0,0,0,1,0,14,128,1,1
1,9,1,0.05,0,1,2,0,0,0,0,3,1886,1,1
17,1,0,4.25,0,0,0,0,0,0,0,2,1400,1,1
15,1,0,3.75,0,0,3,0,0,1,0,12,994,1,1
358,1990,28,0.09,59,1,2,0,0,17,0,8,2308,0,1
20,7,0,1.25,0,0,2,0,0,0,0,14,192,1,1
50,32,1,0.76,6,0,0,0,0,3,0,6,172,0,1
57,76,0,0.37,0,0,0,0,0,3,0,12,895,1,1
12,15,2,0.38,0,0,3,0,0,0,0,12,130,1,1
218,792,2,0.14,0,1,7,0,0,8,0,16,1848,1,1
78,98,9,0.39,0,0,3,0,0,3,0,14,558,1,1
16,23,1,0.33,0,0,5,0,0,0,0,15,645,1,1
39,17,8,1.08,0,0,4,0,0,4,0,2,396,1,1
15,1,0,3.75,0,0,0,0,0,1,0,6,2271,1,1
30,48,0,0.31,0,0,4,0,0,0,0,2,1607,1,1
85,638,0,0.07,0,0,3,0,0,3,0,11,876,1,1
77,747,0,0.05,0,0,3,0,0,8,0,7,2036,1,1
49,82,0,0.3,0,0,6,0,0,1,0,18,2313,1,1
16,24,0,0.32,0,0,3,0,0,1,0,2,1861,1,1
8,6,0,0.57,0,0,4,0,0,0,0,14,2366,1,1
34,22,2,0.74,0,0,4,0,0,2,0,11,1945,1,1
45,83,2,0.27,0,0,5,0,0,1,0,11,169,1,1
49,0,0,24.5,0,0,3,0,0,1,0,13,141,1,1
15,5,0,1.25,0,0,0,0,0,1,0,5,1016,1,1
92,403,0,0.11,0,0,2,0,0,3,0,4,296,1,1
75,26,0,1.39,0,1,9,0,0,3,0,10,1512,1,1
10,0,0,5.0,0,0,4,0,0,1,0,9,236,1,1
23,26,0,0.43,1,1,1,0,0,2,0,8,957,1,1
22,11,0,0.92,0,0,2,0,0,1,0,13,1710,1,1
55,46,0,0.59,0,0,2,0,0,5,0,19,2263,1,1
16,0,0,8.0,0,0,3,0,0,0,0,10,1708,1,1
7,20,0,0.17,0,0,2,0,0,0,0,8,1255,1,1
86,0,0,43.0,0,0,3,0,0,7,0,18,1712,1,1
3,11,0,0.12,0,0,4,0,0,0,0,13,60,1,1
12,30,0,0.19,0,0,6,0,0,0,0,4,1609,1,1
14,56,1,0.12,0,1,4,0,0,0,0,6,849,1,1
24,22,0,0.52,0,0,5,0,0,1,0,11,79,1,1
52,1,0,13.0,0,0,0,0,0,5,0,12,1396,1,1
16,27,1,0.29,0,0,4,0,0,1,0,3,1587,1,1
17,20,4,0.4,0,0,4,0,0,1,0,13,1443,1,1
50,49,0,0.5,0,0,6,0,0,5,0,14,189,1,1
136,1029,5,0.07,0,0,5,0,0,12,0,13,1111,1,1
178,1417,10,0.06,0,1,4,0,0,21,0,10,108,1,1
50,39,1,0.62,0,0,9,0,0,2,0,18,2351,1,1
207,2426,2,0.04,0,1,4,0,0,8,0,5,1679,1,1
178,828,0,0.11,0,0,4,1,0,20,0,6,1297,1,1
16,26,0,0.3,0,0,0,0,0,1,0,0,2104,1,1
49,2,0,8.17,0,0,1,0,0,5,0,8,2463,1,1
49,12,2,1.88,0,0,2,0,0,5,0,3,2210,1,1
37,4,0,3.7,0,0,1,0,0,2,0,1,1295,1,1
21,0,0,10.5,0,0,5,0,0,1,0,11,2339,1,1
356,2176,21,0.08,0,1,6,0,0,32,2,15,1937,1,1
46,4,0,4.6,0,0,4,0,0,3,0,5,2220,1,1
49,0,0,24.5,0,0,2,0,0,5,0,3,387,1,1
49,58,0,0.42,0,0,0,0,0,2,0,15,464,1,1
44,45,0,0.48,0,0,0,0,0,3,0,11,1642,1,1
42,240,0,0.09,0,0,1,0,0,2,0,8,1221,1,1
47,9,0,2.35,0,0,4,0,0,3,0,1,1084,1,1
48,1,0,12.0,0,0,1,0,0,4,0,10,1788,1,1
75,26,0,1.39,0,1,9,0,0,8,0,5,1168,1,1
115,289,0,0.2,0,0,1,0,0,11,0,14,517,1,1
53,66,5,0.4,0,0,9,0,0,5,0,10,1907,1,1
32,23,0,0.67,0,0,7,0,0,1,0,15,1003,1,1
39,153,0,0.13,0,0,4,0,0,4,0,12,1951,1,1
3033,1155,0,1.31,0,0,2,0,0,293,7,6,308,1,1
3003,825,0,1.82,0,0,2,0,0,335,23,3,2416,1,1
34,36,1,0.46,0,0,9,0,0,1,0,0,1426,1,1
218,1528,37,0.07,0,0,4,0,0,23,0,13,2381,1,1
210,1543,8,0.07,0,1,3,0,0,17,0,18,2039,1,1
1489,3715,4,0.2,19,1,2,0,0,154,10,11,2378,0,1
10,2,0,1.67,0,0,5,0,0,1,0,8,278,1,1
201,812,28,0.12,0,0,3,0,0,15,1,6,1735,1,1
351,2663,0,0.07,0,0,0,0,0,12,0,13,1461,1,1
52,16,0,1.53,0,0,4,0,0,5,0,17,467,1,1
156,423,6,0.18,0,0,2,0,0,10,0,15,689,1,1
85,477,12,0.09,0,0,4,0,0,4,0,3,1779,1,1
35,38,0,0.45,0,0,2,0,0,2,0,14,89,1,1
55,28,0,0.95,0,0,4,0,0,2,0,18,1260,1,1
16,51,0,0.15,43,0,3,1,0,1,0,0,1185,0,1
43,88,0,0.24,0,0,4,0,0,1,0,0,1201,1,1
97,408,2,0.12,0,0,4,0,0,8,0,16,868,1,1
34,112,2,0.15,0,0,6,0,0,3,0,16,92,1,1
2346,7272,0,0.16,0,0,0,0,0,243,12,19,334,1,1
49,95,0,0.26,0,0,2,0,0,2,0,6,2366,1,1
2,55,2,0.02,0,1,2,1,0,0,0,10,708,1,1
40,19,2,1.0,0,0,5,0,0,2,0,1,2102,1,1
332,1333,0,0.12,0,0,5,1,0,14,0,12,288,1,1
14,542,0,0.01,0,0,7,0,0,0,0,2,858,1,1
65,162,12,0.2,0,1,6,0,0,3,0,11,2446,1,1
20,52,1,0.19,0,1,5,0,0,0,0,15,1495,1,1
26,27,0,0.46,0,0,3,0,0,1,0,2,1713,1,1
72,434,0,0.08,0,1,4,0,0,5,0,1,2358,1,1
55,2,1,9.17,0,1,0,0,0,1,0,7,1289,1,1
77,108,12,0.35,33,1,5,0,0,6,0,9,2261,1,1
31,215,59,0.07,0,1,0,1,0,3,0,17,622,1,1
57,130,0,0.22,0,0,9,0,0,6,0,11,1346,1,1
58,347,0,0.08,0,0,6,1,0,4,0,9,1955,1,1
47,139,23,0.17,0,1,3,0,0,2,0,16,2341,1,1
31,37,3,0.41,43,1,2,0,0,1,0,17,1517,0,1
96,242,11,0.2,0,1,9,0,0,10,0,17,1683,1,1
126,860,8,0.07,19,1,3,0,0,7,0,2,593,0,1
39,229,102,0.08,0,1,2,1,0,3,0,9,2367,1,1
66,161,6,0.2,5,1,4,0,0,6,0,19,1926,1,1
87,698,25,0.06,0,1,3,0,0,4,0,1,1275,1,1
15,64,0,0.12,28,1,2,0,0,0,0,8,473,0,1
166,596,33,0.14,0,1,6,0,0,9,0,4,1754,1,1
66,75,44,0.43,21,1,4,0,0,7,0,18,594,1,1
96,339,4,0.14,0,1,6,0,0,7,0,10,217,1,1
57,73,0,0.39,11,1,6,0,0,3,0,9,197,1,1
150,487,2,0.15,0,1,3,0,0,7,0,5,1519,1,1
698,309,53,1.13,57,1,0,1,0,56,4,13,1885,0,0
737,1006,707,0.37,56,1,1,0,0,40,2,9,483,0,0
284048,20,626,6763.05,92,1,0,0,1,33730,2018,4,1188,0,0
11348,145,69,38.86,119,1,1,0,0,1084,57,1,881,0,0
32440,942,399,17.2,22,1,0,0,1,2792,77,9,910,0,0
950,576,282,0.82,1,1,0,0,0,66,4,9,384,1,0
8719145,99,291,43595.72,20,1,0,0,0,521000,34185,10,1341,0,0
587,447,62,0.66,23,1,1,0,0,21,1,1,2047,0,0
301,560,67,0.27,11,1,0,1,0,22,1,19,981,0,0
220,277,17,0.4,66,1,1,0,0,10,0,17,2250,0,0
896,502,942,0.89,91,1,1,0,0,86,3,4,1196,0,0
962,598,80,0.8,16,1,0,0,0,37,1,7,2376,0,0
162,177,8,0.46,0,1,0,1,0,11,0,15,1623,1,0
501,1009,110,0.25,25,0,0,1,0,43,2,18,2180,0,0
549,622,23,0.44,13,1,0,1,0,25,1,11,257,0,0
340,308,37,0.55,8,1,0,1,0,27,1,8,1823,0,0
1494,994,142,0.75,64,1,0,0,0,170,13,19,656,0,0
9985,1088,150,4.58,66,1,0,0,0,1069,44,2,2184,0,0
63,115,25,0.27,0,1,0,1,0,2,0,4,880,1,0
376,465,48,0.4,55,1,0,0,0,16,0,16,2007,0,0
170,250,25,0.34,10,1,0,0,0,7,0,12,1012,0,0
193,404,35,0.24,0,1,0,1,0,19,0,6,116,1,0
1000,76,163,6.49,28,1,0,0,0,93,5,19,605,0,0
86,251,38,0.17,17,1,1,0,0,6,0,10,491,0,0
439,957,210,0.23,0,1,0,0,0,19,0,12,945,1,0
1000,1824,59,0.27,63,1,0,0,0,46,2,1,2315,0,0
418,403,315,0.52,24,1,0,0,0,33,1,12,81,0,0
144,119,7,0.6,0,1,0,0,0,15,0,9,2115,1,0
1773,576,148,1.54,67,1,0,0,0,162,3,4,1626,0,0
882,72,37,6.04,141,1,1,0,0,38,0,13,1380,0,0
724,270,58,1.34,69,1,0,0,0,61,1,3,2400,0,0
2496,992,186,1.26,40,1,0,0,0,296,20,1,1408,0,0
5516,452,143,6.09,44,1,1,0,0,640,43,9,1133,0,0
272,250,120,0.54,0,1,0,1,0,13,0,12,2138,1,0
419,224,11,0.93,110,1,0,0,0,23,1,9,370,0,0
309,537,33,0.29,11,1,1,1,0,36,2,14,1531,0,0
775,676,94,0.57,48,1,2,0,0,87,3,1,280,0,0
982,75,189,6.46,36,1,0,0,0,46,1,2,2361,0,0
559,1014,917,0.28,11,1,0,0,0,54,3,1,583,0,0
890,72,65,6.1,129,1,1,0,0,44,1,12,1447,0,0
166,187,14,0.44,108,1,1,1,0,10,0,3,2420,0,0
569,432,35,0.66,0,1,2,0,0,32,1,4,310,1,0
161,392,9,0.2,2,1,0,1,0,19,0,6,357,1,0
252,326,10,0.39,0,1,2,0,0,8,0,17,1888,1,0
609,714,270,0.43,36,1,0,0,0,28,1,8,2350,0,0
156,107,10,0.72,0,1,1,1,0,14,0,8,612,1,0
1141,1122,120,0.51,30,1,0,0,0,74,5,9,1276,0,0
631,995,839,0.32,20,1,0,0,0,34,2,4,2015,0,0
695,625,76,0.56,26,1,0,0,0,27,1,9,1071,0,0
172,232,18,0.37,12,1,0,1,0,9,0,11,1353,0,0
92,125,8,0.37,0,1,1,1,0,8,0,0,1502,1,0
766,199,84,1.92,65,1,0,0,1,72,3,5,1667,0,0
174,83,28,1.04,30,1,1,1,0,12,0,1,495,0,0
334,561,71,0.3,1,1,0,0,0,30,1,17,132,1,0
486,1205,62,0.2,0,0,0,0,0,45,2,6,2117,1,0
106,104,8,0.5,6,1,0,0,0,10,0,0,183,0,0
127,199,25,0.32,73,1,1,1,0,13,1,13,1411,0,0
1391,494,88,1.41,71,1,0,0,0,74,5,9,1800,0,0
1289,264,63,2.43,81,1,0,0,0,78,2,16,1694,0,0
35869,2521,320,7.11,82,1,0,0,1,3777,272,4,477,0,0
275,244,127,0.56,0,1,0,1,0,14,0,7,302,1,0
1001,76,161,6.5,28,1,0,0,0,52,3,9,2361,0,0
57,54,26,0.52,0,1,0,1,0,3,0,16,69,1,0
485,1169,78,0.21,0,1,0,0,0,37,2,9,2143,1,0
116,161,17,0.36,39,1,0,0,0,4,0,13,2015,0,0
380425,2,749,63404.17,92,1,0,0,0,34024,944,0,1032,0,0
1087,392,179,1.38,41,1,0,1,0,83,3,0,748,0,0
182,75,21,1.2,24,1,0,0,0,16,0,0,1363,0,0
266,1437,72,0.09,94,1,0,0,0,18,1,9,1178,0,0
199,37,108,2.62,23,1,1,0,0,20,0,16,537,0,0
152,124,6,0.61,1,1,0,1,0,12,0,4,2268,1,0
194,172,13,0.56,10,1,2,1,0,19,0,1,2472,0,0
789,449,37,0.88,41,1,0,1,0,52,2,3,1954,0,0
406,786,142,0.26,6,1,0,0,0,18,0,19,2227,0,0
162,236,33,0.34,1,1,0,0,0,9,0,1,2476,1,0
567,504,172,0.56,31,1,0,0,0,48,1,6,2290,0,0
200,165,46,0.6,33,1,4,1,0,9,0,11,1426,1,0
890695,11,7380,37112.29,2,1,0,0,0,30136,2338,16,566,1,0
385,515,110,0.37,1,1,0,0,0,42,1,14,631,1,0
5439,592,208,4.59,111,1,0,0,1,500,14,13,1336,0,0
275,544,68,0.25,36,1,0,1,0,20,0,15,1952,0,0
251992,33,599,3705.76,75,1,0,0,1,27433,2089,16,2416,0,0
1056,1939,55,0.27,66,1,0,0,0,118,9,12,288,0,0
504,504,44,0.5,14,1,3,0,0,15,0,12,1812,0,0
105,132,19,0.39,19,1,0,0,0,3,0,14,943,0,0
325219,62,506,2581.1,86,1,0,0,0,16618,434,7,307,0,0
2909,535,140,2.71,5,1,1,0,0,321,9,17,406,0,0
18467,650,357,14.18,48,1,0,0,0,2090,93,3,771,0,0
1697,3105,628,0.27,72,1,0,0,0,165,7,14,1989,0,0
68,65,13,0.52,0,1,0,1,0,2,0,19,1897,1,0
304,403,9,0.38,20,1,0,1,0,29,1,6,886,0,0
115168,142,435,402.69,133,1,0,0,1,6795,198,7,1503,0,0
776,1136,11,0.34,24,1,0,0,0,87,6,1,278,0,0
677,636,71,0.53,45,1,0,0,0,37,2,7,640,0,0
55,35,1,0.76,0,1,1,0,0,5,0,7,1319,1,0
2497,1010,479,1.23,24,1,0,0,0,294,23,7,1288,0,0
8807,402,386,10.93,62,1,0,0,1,544,16,5,1956,0,0
420,903,230,0.23,0,1,0,0,0,25,0,3,1019,1,0
147,97,12,0.75,0,1,1,0,0,10,0,13,1232,1,0
945,582,222,0.81,6,1,0,0,0,61,4,17,305,0,0
3645,212,54,8.56,38,1,0,0,0,353,13,15,1449,0,0
104,123,8,0.42,15,1,0,0,0,12,0,11,1300,0,0
198,342,24,0.29,1,1,0,0,0,14,0,7,1517,1,0
585,678,222,0.43,17,1,0,0,0,29,1,18,475,0,0
1813,618,52,1.46,16,1,1,0,0,98,6,6,1314,0,0
402,263,8,0.76,53,1,1,0,0,19,1,14,1818,0,0
1244,2178,338,0.29,7,1,2,0,0,140,7,19,1095,0,0
412,283,103,0.73,3,1,0,0,0,28,0,9,495,1,0
1395,627,199,1.11,24,1,0,0,0,115,3,8,1922,0,0
379,343,64,0.55,2,1,0,1,0,41,1,4,1777,1,0
47,47,17,0.49,0,1,0,1,0,3,0,14,1832,1,0
133,179,4,0.37,1,1,0,0,0,7,0,13,1002,1,0
99,128,15,0.38,12,1,0,0,0,10,0,19,579,0,0
1893,2706,279,0.35,84,1,0,0,0,205,12,7,54,0,0
416,319,68,0.65,24,1,0,0,0,39,1,13,511,0,0
560,612,14,0.46,39,1,0,0,0,53,3,6,1448,0,0
791191,232,2983,1697.83,45,1,0,0,0,67391,4817,11,1125,0,0
598,1081,47,0.28,23,1,0,0,0,29,0,4,1320,0,0
352,328,44,0.53,6,1,0,1,0,25,1,13,2421,0,0
502,444,23,0.56,0,1,2,0,0,22,0,6,1064,1,0
18655,942,959,9.89,146,1,0,0,1,1567,77,14,795,0,0
717,418,345,0.86,0,1,0,0,0,82,5,13,348,1,0
411,388,14,0.53,29,1,1,0,0,36,2,0,1945,0,0
218,386,187,0.28,0,1,1,0,0,22,1,6,1463,1,0
2343,776,515,1.51,103,1,0,0,0,219,16,9,2431,0,0
26149,6208,840,2.11,69,1,0,0,0,2339,63,12,1913,0,0
633,466,213,0.68,42,1,0,0,0,48,1,6,624,0,0
794,1157,6,0.34,22,1,0,0,0,62,1,11,173,0,0
518,660,97,0.39,17,1,0,0,0,46,3,4,2397,0,0
68,67,12,0.5,2,1,0,1,0,5,0,4,1976,1,0
391,1211,88,0.16,36,1,0,0,0,17,1,15,1099,0,0
385,201,197,0.95,11,1,1,0,0,19,1,13,568,0,0
712,420,325,0.85,0,1,0,0,0,38,2,17,2420,1,0
1537,1146,197,0.67,50,1,2,0,0,129,9,9,157,0,0
793,674,101,0.59,33,1,3,0,0,72,2,6,2089,0,0
494,1089,115,0.23,1,0,0,0,0,44,3,1,1478,1,0
316,348,8,0.45,2,1,0,1,0,15,0,18,557,1,0
452,289,137,0.78,24,1,0,0,0,15,0,14,724,0,0
328593,30,651,5299.89,111,1,0,0,1,18138,1131,7,1362,0,0
808,498,35,0.81,21,1,0,0,1,76,2,10,2245,0,0
2838,576,191,2.46,82,1,0,0,0,208,10,1,770,0,0
683,1144,707,0.3,120,1,4,0,1,68,2,6,221,1,0
965,446,350,1.08,97,1,1,0,0,81,4,17,293,0,0
36,65,14,0.27,0,1,0,1,0,3,0,7,611,1,0
137,213,25,0.32,75,1,2,1,0,8,0,17,1217,0,0
203,35,105,2.82,26,1,1,0,1,23,0,4,172,0,0
2453,949,551,1.29,43,1,0,0,1,79,2,14,745,0,0
698,608,23,0.57,30,1,0,0,0,57,2,11,454,0,0
34,30,3,0.55,0,1,0,0,0,2,0,0,2497,1,0
134,176,4,0.38,0,1,0,0,0,4,0,2,2352,1,0
740,237,60,1.55,72,1,0,0,1,30,0,8,516,0,0
737,673,62,0.55,22,1,1,0,0,61,2,12,2275,0,0
431,458,288,0.47,31,1,0,0,0,43,2,9,2324,0,0
515,462,69,0.56,0,1,0,1,0,16,0,2,2061,1,0
3536,179,72,9.82,54,1,0,0,0,385,10,11,1319,0,0
490,1003,174,0.24,8,0,0,0,0,41,1,7,368,0,0
573,442,57,0.65,0,1,1,1,0,60,2,1,889,1,0
9220,585,153,7.87,54,1,1,0,0,1087,36,14,2181,0,0
1005,3681,330,0.14,0,1,0,0,0,99,5,18,58,1,0
28856,6180,816,2.33,71,1,0,0,1,2535,100,13,1833,0,0
1103,1869,338,0.29,12,1,0,0,0,120,2,10,1525,0,0
2440009,186,3735,6524.09,35,1,0,0,0,127692,6968,16,1482,0,0
646,706,291,0.46,28,1,0,0,0,26,1,10,592,0,0
114,98,11,0.58,1,1,0,0,0,5,0,17,350,1,0
416,312,67,0.66,22,1,0,0,0,40,1,14,10,0,0
1368,186,53,3.66,102,1,0,0,0,75,3,13,1969,0,0
528,1017,290,0.26,19,1,0,0,0,21,1,6,123,0,0
381,461,54,0.41,51,1,0,0,0,17,0,1,997,0,0
272,371,3,0.37,34,1,0,0,0,8,0,1,2069,0,0
721,678,66,0.53,69,1,1,0,0,45,1,17,1373,0,0
112,467,9,0.12,1,1,3,1,0,5,0,8,944,1,0
243,338,9,0.36,8,0,0,1,0,20,0,7,1998,0,0
88,43,0,1.0,0,1,0,0,0,6,0,10,842,1,0
407,400,8,0.51,16,1,1,0,0,28,1,5,1325,0,0
191,217,10,0.44,7,1,0,1,0,11,0,9,393,0,0
951,1125,150,0.42,2,1,0,0,0,55,2,6,1431,1,0
1760,847,121,1.04,82,1,0,0,0,148,3,14,1859,0,0
1227,2141,300,0.29,10,1,2,1,0,123,3,4,1867,0,0
1370,5160,636,0.13,22,1,0,1,0,143,9,15,320,0,0
463,426,20,0.54,12,1,0,0,0,17,1,0,195,0,0
52,45,21,0.57,0,1,0,0,0,2,0,8,149,1,0
624,525,242,0.59,50,1,0,0,0,70,5,19,537,0,0
747,208,89,1.79,48,1,0,0,0,73,4,17,2080,0,0
147,412,10,0.18,5,1,1,1,0,9,0,11,2346,0,0
152,99,171,0.76,17,1,1,0,0,10,0,11,1829,0,0
22939,3808,647,3.01,57,1,0,0,0,1768,115,15,2245,0,0
858,2761,217,0.16,77,1,1,1,0,88,6,0,2205,0,0
1043,662,100,0.79,3,1,0,1,0,49,1,7,208,1,0
138,74,153,0.92,0,1,1,0,0,5,0,14,1231,1,0
468,287,170,0.81,27,1,0,0,0,50,2,19,2246,0,0
4532,1473,244,1.54,30,1,0,0,0,299,16,6,1439,0,0
137,211,19,0.32,81,1,2,1,0,6,0,9,291,0,0
158105,37,390,2080.33,86,1,0,0,1,15103,375,2,1660,0,0
256,323,7,0.4,5,0,2,1,0,22,0,0,775,0,0
166,90,20,0.91,15,1,1,1,0,8,0,9,1460,0,0
453,282,163,0.8,26,1,0,0,0,13,0,12,1372,0,0
74,154,86,0.24,77,1,1,1,0,2,0,19,1162,0,0
1062,431,165,1.23,34,1,0,1,0,89,6,1,2037,0,0
353,170,7,1.03,140,1,0,0,0,35,0,16,883,0,0
398,496,145,0.4,4,1,0,0,0,20,0,17,1888,1,0
1008,980,73,0.51,51,1,1,0,0,79,5,11,1071,0,0
47,75,24,0.31,18,1,1,1,0,5,0,17,39,0,0
89196,33,146,1311.71,137,1,0,0,1,5655,180,4,2458,0,0
134,229,62,0.29,30,1,0,0,0,11,0,4,1176,0,0
126,445,10,0.14,2,1,2,1,0,5,0,12,652,1,0
505,999,164,0.25,26,1,0,1,0,38,2,10,2437,0,0
408,394,10,0.52,24,1,1,0,0,20,1,15,2460,0,0
236,330,23,0.36,0,1,2,0,0,17,0,6,2341,1,0
67,63,16,0.52,0,1,0,1,0,2,0,12,932,1,0
602,485,203,0.62,46,1,0,0,0,50,3,9,1860,0,0
61,116,27,0.26,0,1,0,1,0,2,0,19,763,1,0
1458,570,117,1.28,106,1,0,0,0,157,9,2,1897,0,0
168,383,10,0.22,1,1,0,1,0,15,0,5,538,1,0
663589,443,3332,747.28,37,1,0,0,0,61637,4389,16,2218,0,0
102,21,0,2.32,0,1,2,0,0,9,0,17,2242,1,0
9183670,1683,362,2726.74,5,1,1,0,0,517136,25899,10,1522,0,0
175,246,17,0.35,15,1,0,0,0,18,1,18,890,0,0
1581,1117,174,0.71,63,1,1,0,0,187,14,5,927,0,0
1799,466,264,1.93,87,1,0,0,0,156,10,10,832,0,0
73,250,23,0.15,10,1,1,0,0,3,0,5,721,0,0
44693,443,40,50.33,124,1,0,0,1,1366,49,8,1811,0,0
104,111,4,0.46,8,1,0,0,0,9,0,10,471,0,0
5398,592,209,4.55,109,1,0,0,0,400,26,5,1600,0,0
300,365,9,0.41,43,1,0,1,0,20,1,18,1657,0,0
2318,160,234,7.2,119,1,0,0,0,182,13,7,1980,0,0
196,390,22,0.25,0,1,0,0,0,13,0,3,477,1,0
55,52,26,0.52,0,1,0,1,0,2,0,2,1082,1,0
973,610,81,0.8,14,1,0,0,0,103,5,9,1688,0,0
730,658,59,0.55,42,1,0,0,0,65,3,6,1089,0,0
301,365,31,0.41,42,1,0,1,0,20,1,14,1834,0,0
844,750,142,0.56,33,1,0,0,0,41,3,13,1314,0,0
371,472,38,0.39,67,1,1,0,0,23,0,1,217,0,0
720,690,203,0.52,30,1,1,0,0,69,2,1,687,0,0
687,1047,34,0.33,32,1,0,0,0,38,1,4,399,0,0
101,134,28,0.37,25,1,0,0,0,9,0,18,43,0,0
149,245,50,0.3,14,1,0,0,0,15,0,14,11,0,0
107,99,10,0.54,4,1,0,0,0,3,0,4,71,1,0
190,180,13,0.52,122,1,0,1,0,10,0,1,1427,0,0
216,305,8,0.35,71,1,4,0,0,19,0,13,345,1,0
603,1105,821,0.27,76,1,3,0,1,38,0,15,1153,0,0
4373,429,103,5.08,2,1,0,0,0,267,21,18,337,1,0
371,358,53,0.52,2,1,0,0,0,37,2,3,2370,1,0
762,1205,7,0.32,15,1,0,0,0,69,4,6,2272,0,0
17827,490,285,18.15,60,1,0,0,0,1618,40,4,1559,0,0
501,1010,110,0.25,25,0,0,1,0,22,0,12,1345,0,0
46,82,23,0.28,20,1,2,0,0,2,0,19,866,0,0
2553,1071,75,1.19,16,1,0,0,0,92,2,10,1307,0,0
707,1362,1108,0.26,83,1,0,1,0,41,1,15,940,0,0
51,100,27,0.25,8,1,1,1,0,2,0,13,1870,0,0
998,1104,169,0.45,6,1,0,0,0,49,3,11,2049,0,0
730,413,390,0.88,0,1,0,0,0,43,1,11,2380,1,0
2726,521,284,2.61,46,1,0,0,0,163,3,11,2117,0,0
540,697,111,0.39,39,1,0,0,0,50,1,2,1162,0,0
73,155,85,0.23,62,1,1,1,0,5,0,14,1677,0,0
103,132,15,0.39,12,1,0,0,0,7,0,18,1921,0,0
47705,535,105,44.5,95,1,0,0,0,2121,48,12,1154,0,0
1007,977,68,0.51,51,1,1,0,0,54,3,11,675,0,0
1176,311,193,1.88,50,1,0,0,0,96,6,6,2088,0,0
1156,611,92,0.94,1,1,2,1,0,41,1,10,259,1,0
1661,547,268,1.52,62,1,0,0,0,108,2,11,1004,0,0
1911,1428,645,0.67,1,1,0,1,0,193,9,7,1860,1,0
8642,251,275,17.15,52,1,1,0,0,281,7,2,1739,0,0
522,1045,142,0.25,12,0,0,0,0,42,2,12,1194,0,0
1371800,193,334,3535.57,77,1,0,0,0,160473,12247,12,15,0,0
2707,594,234,2.27,35,1,0,0,0,195,8,5,1935,0,0
137,95,77,0.71,0,1,0,0,0,7,0,5,265,1,0
193,198,7,0.48,3,1,0,1,0,12,0,8,297,1,0
255,535,82,0.24,45,1,0,1,0,18,1,2,454,0,0
351259,492,330,356.25,0,1,0,0,0,19359,1548,5,1375,1,0
221,330,22,0.33,0,1,1,0,0,9,0,3,591,1,0
164,252,36,0.32,2,1,0,0,0,5,0,6,1522,1,0
712,1173,676,0.3,137,1,4,0,0,72,5,5,1442,1,0
10515,671,366,7.82,86,1,1,0,0,1170,48,18,1824,0,0
153,257,34,0.3,5,1,0,0,0,14,0,15,243,0,0
965,1119,156,0.43,3,1,0,0,0,42,1,0,297,1,0
461,416,14,0.55,10,1,0,0,0,55,2,10,927,0,0
3532,607,152,2.9,47,1,0,0,0,218,13,14,1308,0,0
1761,484,272,1.82,83,1,0,0,0,135,4,19,480,0,0
304,368,12,0.41,24,1,0,0,0,29,1,12,2256,0,0
405,282,97,0.72,1,1,0,1,0,48,1,13,1062,1,0
63,71,16,0.44,0,1,0,1,0,3,0,19,286,1,0
2498,792,238,1.58,43,1,0,0,0,118,6,11,1657,0,0
652,1442,986,0.23,116,1,0,1,0,23,1,16,463,0,0
6485438,106,642,30305.79,25,1,0,0,0,610520,24777,15,587,0,0
1163,3820,819,0.15,16,1,0,0,0,86,3,2,1912,0,0
17920,514,296,17.4,58,1,0,0,0,1702,99,14,1388,0,0
97,398,119,0.12,111,1,0,1,0,9,0,16,1697,0,0
143,179,8,0.4,1,1,0,1,0,15,0,3,1502,1,0
883,117,141,3.74,53,1,0,0,0,54,2,6,134,0,0
203,170,97,0.59,58,1,0,0,0,14,1,3,1067,0,0
248,390,257,0.32,0,1,1,0,0,10,0,8,194,1,0
780,674,92,0.58,30,1,2,0,0,82,3,19,1734,0,0
1440,623,211,1.15,35,1,0,0,0,81,2,1,2320,0,0
284,548,62,0.26,31,1,0,1,0,16,0,0,432,0,0
597,1126,1126,0.26,15,1,0,1,0,42,1,17,96,0,0
541,699,109,0.39,41,1,0,0,0,36,2,7,1198,0,0
205,333,28,0.31,0,1,0,0,0,15,0,0,810,1,0
172,248,21,0.35,12,1,0,0,0,17,0,7,251,0,0
719,440,459,0.82,17,1,0,0,0,32,0,2,412,0,0
499,441,12,0.56,0,1,2,0,0,21,1,5,2380,1,0
528,1070,927,0.25,35,1,1,0,1,20,0,3,900,0,0
890,1661,77,0.27,70,1,0,0,0,27,1,5,2453,0,0
91,138,46,0.33,38,1,1,0,0,8,0,1,1294,0,0
568,490,62,0.58,58,1,0,0,0,39,1,19,768,0,0
1200,634,3,0.94,36,1,1,1,0,41,2,2,1407,0,0
2323,196,207,5.9,118,1,0,0,1,277,6,15,1968,0,0
799,216,29,1.84,128,1,0,0,0,37,1,6,1894,0,0
1128,85,41,6.56,0,1,0,0,0,101,7,16,817,1,0
371087,2,740,61847.83,90,1,0,0,0,27585,702,19,1687,0,0
1395,1103,214,0.63,28,1,2,1,0,108,8,10,2181,0,0
174,182,14,0.48,113,1,0,1,0,18,0,6,899,0,0
1213,945,167,0.64,28,1,0,0,0,51,3,11,763,0,0
407,398,9,0.51,19,1,1,0,0,48,2,5,1312,0,0
576872,531,940,542.17,62,1,0,0,1,44216,902,6,1413,0,0
378496,62,715,3003.94,82,1,0,0,0,14021,402,6,260,0,0
1444,605,181,1.19,57,1,0,0,0,171,8,13,693,0,0
123,102,10,0.6,1,1,1,0,0,9,0,11,617,1,0
1760,895,132,0.98,89,1,0,0,0,189,11,10,146,0,0
1550,3330,706,0.23,57,1,0,0,0,145,10,5,2272,0,0
944,103,172,4.54,39,1,0,0,0,30,2,17,742,0,0
1864,1485,481,0.63,6,1,0,1,0,73,5,15,537,0,0
105,118,15,0.44,11,1,0,0,0,9,0,11,1241,0,0
287,550,59,0.26,30,1,0,1,0,27,1,17,1077,0,0
663,633,135,0.52,23,1,0,0,0,26,1,19,1174,0,0
193,78,23,1.22,22,1,0,0,0,16,0,2,2403,0,0
194,396,49,0.24,1,1,0,1,0,7,0,11,2012,1,0
18331,902,874,10.15,136,1,0,0,1,1907,73,2,1388,0,0
418,626,646,0.33,77,1,0,0,0,41,2,11,385,0,0
94,127,7,0.37,0,1,1,1,0,3,0,11,1025,1,0
276,248,120,0.55,0,1,0,0,0,27,0,17,1869,1,0
1039,929,56,0.56,5,1,1,0,0,88,3,3,1135,0,0
1283,929,204,0.69,63,1,0,0,0,72,5,7,461,0,0
465,642,42,0.36,60,1,0,0,0,27,1,0,1775,0,0
966,603,80,0.8,15,1,0,0,0,57,3,8,1282,0,0
29,32,3,0.44,7,1,0,1,0,2,0,0,1654,0,0
2567,798,115,1.61,16,1,0,0,0,263,11,10,2307,0,0
8674,294,334,14.7,56,1,0,0,0,765,22,6,522,0,0
77,245,21,0.16,10,1,1,0,0,4,0,18,2375,0,0
359,485,19,0.37,89,1,1,0,0,28,2,12,2316,0,0
628,432,98,0.73,0,1,1,0,0,38,0,3,1434,1,0
113,98,11,0.57,2,1,0,0,0,6,0,8,497,1,0
266,325,8,0.41,0,1,2,1,0,15,0,14,170,1,0
171,391,12,0.22,0,1,0,1,0,18,0,3,985,1,0
193,196,7,0.49,3,1,0,1,0,19,0,14,563,1,0
423,272,13,0.77,90,1,0,0,0,30,2,15,367,0,0
212,213,8,0.5,124,1,0,1,0,16,0,4,1179,0,0
394,318,96,0.62,12,1,0,1,0,38,2,8,1013,0,0
114,147,65,0.39,120,1,0,1,0,10,0,7,218,0,0
1764,615,105,1.43,59,1,0,0,0,198,4,6,715,0,0
5282,652,222,4.04,48,1,0,0,0,376,9,19,1862,0,0
403,382,21,0.53,28,1,1,0,0,43,1,0,2123,0,0
425,918,238,0.23,0,1,0,0,0,30,1,15,1914,1,0
547,488,84,0.56,40,1,0,0,0,62,4,6,1620,0,0
265,289,108,0.46,8,1,0,1,0,14,1,16,835,0,0
80,158,81,0.25,82,1,1,1,0,8,0,15,2046,0,0
679,479,597,0.71,19,1,0,0,0,58,4,8,1320,0,0
191,174,7,0.55,4,1,1,1,0,20,1,8,1084,1,0
179,170,22,0.52,15,1,2,1,0,6,0,2,2119,0,0
266,316,114,0.42,16,1,0,1,0,8,0,4,1657,0,0
496,1060,1046,0.23,3,1,0,1,0,21,1,16,378,1,0
925,1167,93,0.4,17,1,0,1,0,62,2,0,2327,0,0
310,534,30,0.29,8,1,1,1,0,25,0,8,159,0,0
168,242,25,0.35,20,1,0,1,0,12,0,10,23,0,0
792,1219,11,0.32,20,1,0,1,0,62,3,19,1676,0,0
745,1563,902,0.24,118,1,0,0,0,37,2,12,1602,0,0
4960,573,180,4.32,31,1,0,0,0,264,14,5,2491,0,0
220,323,15,0.34,26,0,0,1,0,25,1,14,1214,0,0
1162,2770,48,0.21,21,1,0,0,0,60,4,15,1292,0,0
739,329,22,1.12,111,1,0,0,0,40,2,12,75,0,0
721,1263,1189,0.29,48,1,0,1,0,54,1,7,27,0,0
1469,659,254,1.11,24,1,0,0,0,69,3,13,931,0,0
96,111,10,0.43,1,1,0,0,0,8,0,9,1756,1,0
8109,512,321,7.9,49,1,0,0,1,285,17,2,1146,0,0
1032,531,116,0.97,20,1,0,1,0,59,3,17,1592,0,0
5639,368,115,7.64,75,1,1,0,0,511,26,17,2453,0,0
687160,208,352,1643.92,78,1,0,0,1,52517,1430,12,947,0,0
421,396,18,0.53,11,1,1,1,0,30,0,9,685,0,0
3368,254,117,6.6,52,1,0,0,0,142,4,2,1055,0,0
364598,0,724,182299.0,100,1,0,0,0,24506,1321,19,1093,0,0
3785,316,42,5.97,12,1,0,0,0,340,18,4,1555,0,0
1032,76,110,6.7,17,1,0,0,0,79,5,14,79,0,0
22105,3484,962,3.17,118,1,0,0,1,714,18,1,2414,0,0
653,519,699,0.63,97,1,0,0,0,45,1,0,770,0,0
51127,536,651,47.6,127,1,0,0,0,3824,155,5,596,0,0
274,205,130,0.67,23,1,0,0,0,26,1,0,2312,0,0
850,725,168,0.59,46,1,1,0,0,43,1,0,1782,0,0
1249,6873,150,0.09,149,1,0,0,0,74,3,3,915,0,0
1702,773,42,1.1,52,1,3,0,0,141,10,10,2182,0,0
2587,871,59,1.48,7,1,0,0,0,190,6,19,1463,0,0
3686,1400,425,1.32,23,1,0,0,0,349,18,14,89,0,0
321,334,6,0.48,0,1,0,0,0,12,0,14,436,1,0
226,327,14,0.34,30,0,0,1,0,15,0,13,819,0,0
144,408,6,0.18,16,1,0,1,0,5,0,0,1164,0,0
600,472,166,0.63,54,1,0,0,0,42,1,19,1438,0,0
140,233,58,0.3,28,1,0,1,0,6,0,13,510,0,0
10145,1233,280,4.11,66,1,0,0,0,1113,44,16,852,0,0
315,330,1,0.48,0,1,0,0,0,15,0,7,1622,1,0
87,111,10,0.39,55,1,0,1,0,6,0,8,2324,0,0
939,576,75,0.81,19,1,0,0,0,98,2,5,456,0,0
134,176,15,0.38,64,1,0,0,0,10,0,4,705,0,0
67,74,13,0.45,0,1,0,0,0,7,0,16,1743,1,0
164,174,16,0.47,7,1,1,1,0,10,0,19,43,0,0
102,122,4,0.41,9,1,0,1,0,5,0,10,1271,0,0
106,103,11,0.51,2,1,0,0,0,7,0,6,398,1,0
32062,3807,574,4.21,66,1,0,0,1,1796,137,9,1908,0,0
180,390,31,0.23,0,1,0,1,0,13,1,14,1541,1,0
74,63,9,0.58,0,1,0,0,0,2,0,9,469,1,0
923,636,267,0.72,16,1,0,0,0,104,4,16,1019,0,0
5275,661,221,3.98,47,1,0,0,0,320,24,19,1613,0,0
527,651,107,0.4,10,1,0,0,0,29,0,16,2097,0,0
196,190,12,0.51,123,1,0,1,0,22,0,1,1643,0,0
433,640,680,0.34,83,1,0,0,0,20,0,11,49,0,0
67,64,15,0.52,0,1,0,1,0,7,0,13,277,1,0
799,696,122,0.57,41,1,0,0,0,30,2,11,697,0,0
917,1138,134,0.4,1,1,0,0,0,76,5,8,702,1,0
730,324,30,1.12,96,1,0,1,0,38,2,10,202,0,0
212,344,27,0.31,19,0,0,1,0,13,1,8,803,0,0
12939,3209,71,2.02,84,1,1,0,0,677,38,8,1792,0,0
762,3558,433,0.11,95,1,0,1,0,77,5,1,41,0,0
224,257,16,0.43,82,1,0,0,0,21,0,16,238,0,0
35455,1765,351,10.04,67,1,0,0,1,3115,221,8,2110,0,0
400,419,15,0.48,16,1,0,0,0,20,0,11,1606,0,0
12847,774,204,8.29,44,1,0,0,0,606,19,7,985,0,0
44955,925,20,24.27,133,1,0,0,1,2224,63,0,2147,0,0
103,379,99,0.14,106,1,0,1,0,4,0,13,633,0,0
305,367,12,0.41,29,1,0,0,0,33,0,0,2215,0,0
642,710,302,0.45,30,1,0,0,0,25,1,7,1181,0,0
7935,560,297,7.07,45,1,0,0,1,649,15,17,40,0,0
421,349,50,0.6,47,1,0,0,0,19,0,9,2302,0,0
809,431,704,0.94,101,1,0,0,0,95,2,16,2296,0,0
786,441,36,0.89,46,1,0,1,0,55,3,17,1827,0,0


